frame,sim_time,people_count,projected_ground_truth_count,error,analysis_s,detector_s,postprocess_s,raw_detections,nms_detections
1,41.848,4,1,3,6.361509823999768,6.351903634999871,0.00366375599969615,8,4
2,51.88,38,36,2,6.238821640000424,6.228643895999994,0.004520905999925162,49,38
3,61.912,9,12,-3,6.56139586900008,6.5537492929997825,0.003207925999959116,14,10
4,71.944,58,49,9,7.194625137000003,7.184081124999466,0.006925016999957734,72,58
5,81.976,21,14,7,6.7549758010000005,6.75058029200045,0.0011147269997309195,49,23
6,92.008,58,52,6,7.014945909000744,7.005185162000089,0.005890894000003755,68,58
7,102.04,2,0,2,6.9414942539997355,6.9346063450002475,0.0029954000001453096,6,5
8,112.072,43,45,-2,7.016560838999794,7.00920171999951,0.0033763749997888226,54,44
9,122.104,3,1,2,7.548554049999439,7.541510409999319,0.002530892999857315,5,5
10,132.136,39,36,3,7.2209054449995165,7.210439792000216,0.005790213999716798,49,41
11,142.168,19,15,4,7.040920978000031,7.032874215999982,0.0019674489994940814,24,20
12,152.2,82,69,13,7.199372814999151,7.186064243999681,0.009791135999876133,110,83
13,162.232,24,28,-4,7.960976813999878,7.948359533000257,0.007795910999448097,35,24
14,172.264,101,108,-7,7.239952646999882,7.226908712000295,0.007631409000168787,131,101
15,182.296,34,25,9,6.811931633998938,6.8036187970001265,0.003433227999266819,56,35
16,192.328,69,68,1,7.241494591000446,7.229835851000644,0.006205780000527739,97,70
17,202.36,29,23,6,7.0345553169991035,7.025326876999316,0.003744918999473157,43,30
18,212.392,19,15,4,6.850076934000754,6.840785205999964,0.004749473000629223,29,21
19,222.424,66,68,-2,7.188382749999619,7.1785264360005385,0.006389662999936263,91,67
20,232.456,2,1,1,7.187865434999367,7.181765991999782,0.0017746389994499623,4,3
21,242.488,79,81,-2,7.309053237000626,7.294847185000435,0.009037316000103601,112,79
22,252.52,3,1,2,7.5205465549997825,7.515256870000485,0.0007263300003614859,6,3
23,262.616,76,86,-10,8.066564267999638,8.046083907999673,0.015087024999957066,102,76
24,272.648,12,5,7,8.263830189000146,8.245528077000017,0.0058771980002347846,16,13
25,282.68,80,90,-10,8.919837329000075,8.903853959000116,0.008657587999550742,109,81
26,292.712,14,7,7,9.118992477000575,9.10113266299959,0.00587166100012837,24,16
27,302.744,6,6,0,10.61338097999942,10.604597345000002,0.0018667599997570505,9,6
28,312.844,43,36,7,11.570803576000799,11.558780636999472,0.007272171000295202,53,43
29,323.6,16,16,0,11.650935411000319,11.64569900099923,0.002651904999765975,19,17
30,333.896,48,50,-2,8.773212200999296,8.765450654999768,0.006082037999476597,58,48
