frame,sim_time,id,visible_count,projected_ground_truth_count,error,capacity,coverage_fraction,last_seen,occupancy_percent
1,41.848,entrance,0,0,0,60,0.0,,
1,41.848,walkway,0,0,0,120,0.0,,
1,41.848,plaza,0,0,0,250,0.0,,
1,41.848,booth_a_front,4,1,3,25,0.25,41.848,
1,41.848,booth_b_front,0,0,0,25,0.0,,
1,41.848,booth_c_front,0,0,0,25,0.0,,
1,41.848,booth_d_front,0,0,0,25,0.0,,
2,51.88,entrance,1,2,-1,60,0.4166666666666667,51.88,
2,51.88,walkway,4,2,2,120,0.2105978260869565,51.88,
2,51.88,plaza,0,0,0,250,0.0,,
2,51.88,booth_a_front,0,0,0,25,0.0,41.848,
2,51.88,booth_b_front,0,0,0,25,0.0,,
2,51.88,booth_c_front,6,5,1,25,1.0,51.88,24.0
2,51.88,booth_d_front,6,5,1,25,0.99375,51.88,24.0
3,61.912,entrance,0,0,0,60,0.0,51.88,
3,61.912,walkway,0,0,0,120,0.0,51.88,
3,61.912,plaza,0,0,0,250,0.03694581280788178,61.912,
3,61.912,booth_a_front,0,0,0,25,0.0,41.848,
3,61.912,booth_b_front,0,0,0,25,0.0,,
3,61.912,booth_c_front,0,0,0,25,0.0,51.88,
3,61.912,booth_d_front,7,8,-1,25,1.0,61.912,28.000000000000004
4,71.944,entrance,0,0,0,60,0.0,51.88,
4,71.944,walkway,11,6,5,120,0.4361413043478261,71.944,
4,71.944,plaza,7,5,2,250,0.16810344827586207,71.944,
4,71.944,booth_a_front,8,7,1,25,1.0,71.944,32.0
4,71.944,booth_b_front,14,16,-2,25,1.0,71.944,56.00000000000001
4,71.944,booth_c_front,0,0,0,25,0.0,51.88,
4,71.944,booth_d_front,0,0,0,25,0.0,61.912,
5,81.976,entrance,0,0,0,60,0.0,51.88,
5,81.976,walkway,0,0,0,120,0.0,71.944,
5,81.976,plaza,0,0,0,250,0.0,71.944,
5,81.976,booth_a_front,0,0,0,25,0.0,71.944,
5,81.976,booth_b_front,17,12,5,25,0.9375,81.976,68.0
5,81.976,booth_c_front,0,0,0,25,0.0,51.88,
5,81.976,booth_d_front,0,0,0,25,0.0,61.912,
6,92.008,entrance,0,0,0,60,0.0,51.88,
6,92.008,walkway,5,2,3,120,0.296195652173913,92.008,
6,92.008,plaza,21,21,0,250,0.5197044334975369,92.008,
6,92.008,booth_a_front,0,0,0,25,0.0,71.944,
6,92.008,booth_b_front,0,0,0,25,0.0,81.976,
6,92.008,booth_c_front,4,3,1,25,1.0,92.008,16.0
6,92.008,booth_d_front,10,9,1,25,1.0,92.008,40.0
7,102.04,entrance,0,0,0,60,0.0,51.88,
7,102.04,walkway,0,0,0,120,0.0,92.008,
7,102.04,plaza,0,0,0,250,0.0,92.008,
7,102.04,booth_a_front,0,0,0,25,0.0,71.944,
7,102.04,booth_b_front,0,0,0,25,0.0,81.976,
7,102.04,booth_c_front,0,0,0,25,0.0,92.008,
7,102.04,booth_d_front,0,0,0,25,0.0,92.008,
8,112.072,entrance,0,0,0,60,0.0,51.88,
8,112.072,walkway,0,0,0,120,0.016304347826086956,112.072,
8,112.072,plaza,24,19,5,250,0.5763546798029556,112.072,
8,112.072,booth_a_front,5,9,-4,25,0.76875,112.072,
8,112.072,booth_b_front,6,6,0,25,1.0,112.072,24.0
8,112.072,booth_c_front,0,0,0,25,0.0,92.008,
8,112.072,booth_d_front,0,0,0,25,0.0,92.008,
9,122.104,entrance,0,0,0,60,0.0,51.88,
9,122.104,walkway,0,0,0,120,0.0,112.072,
9,122.104,plaza,0,0,0,250,0.0,112.072,
9,122.104,booth_a_front,0,0,0,25,0.0,112.072,
9,122.104,booth_b_front,3,1,2,25,0.23125,122.104,
9,122.104,booth_c_front,0,0,0,25,0.0,92.008,
9,122.104,booth_d_front,0,0,0,25,0.0,92.008,
10,132.136,entrance,4,3,1,60,1.0,132.136,6.666666666666667
10,132.136,walkway,7,9,-2,120,0.8627717391304348,132.136,5.833333333333333
10,132.136,plaza,0,0,0,250,0.0,112.072,
10,132.136,booth_a_front,10,10,0,25,0.975,132.136,40.0
10,132.136,booth_b_front,0,0,0,25,0.0,122.104,
10,132.136,booth_c_front,0,0,0,25,0.0,92.008,
10,132.136,booth_d_front,0,0,0,25,0.0,92.008,
11,142.168,entrance,0,0,0,60,0.0,132.136,
11,142.168,walkway,0,0,0,120,0.0,132.136,
11,142.168,plaza,0,0,0,250,0.0,112.072,
11,142.168,booth_a_front,0,0,0,25,0.0,132.136,
11,142.168,booth_b_front,0,0,0,25,0.0,122.104,
11,142.168,booth_c_front,11,9,2,25,1.0,142.168,44.0
11,142.168,booth_d_front,1,0,1,25,0.03125,142.168,
12,152.2,entrance,5,2,3,60,0.3298611111111111,152.2,
12,152.2,walkway,11,11,0,120,0.9144021739130435,152.2,9.166666666666666
12,152.2,plaza,30,25,5,250,0.6798029556650246,152.2,
12,152.2,booth_a_front,0,0,0,25,0.0,132.136,
12,152.2,booth_b_front,0,0,0,25,0.0,122.104,
12,152.2,booth_c_front,14,8,6,25,0.85625,152.2,56.00000000000001
12,152.2,booth_d_front,9,7,2,25,0.9875,152.2,36.0
13,162.232,entrance,0,0,0,60,0.0,152.2,
13,162.232,walkway,0,0,0,120,0.0,152.2,
13,162.232,plaza,0,0,0,250,0.0018472906403940886,162.232,
13,162.232,booth_a_front,8,8,0,25,1.0,162.232,32.0
13,162.232,booth_b_front,7,9,-2,25,1.0,162.232,28.000000000000004
13,162.232,booth_c_front,0,0,0,25,0.0,152.2,
13,162.232,booth_d_front,0,0,0,25,0.0,152.2,
14,172.264,entrance,0,0,0,60,0.0,152.2,
14,172.264,walkway,14,15,-1,120,0.7133152173913043,172.264,
14,172.264,plaza,39,40,-1,250,1.0,172.264,15.6
14,172.264,booth_a_front,0,0,0,25,0.0,162.232,
14,172.264,booth_b_front,14,12,2,25,1.0,172.264,56.00000000000001
14,172.264,booth_c_front,4,5,-1,25,1.0,172.264,16.0
14,172.264,booth_d_front,5,2,3,25,1.0,172.264,20.0
15,182.296,entrance,0,0,0,60,0.0,152.2,
15,182.296,walkway,0,0,0,120,0.0,172.264,
15,182.296,plaza,12,5,7,250,0.09729064039408868,182.296,
15,182.296,booth_a_front,0,0,0,25,0.0,162.232,
15,182.296,booth_b_front,0,0,0,25,0.0,172.264,
15,182.296,booth_c_front,8,5,3,25,0.79375,182.296,
15,182.296,booth_d_front,6,6,0,25,1.0,182.296,24.0
16,192.328,entrance,0,0,0,60,0.0,152.2,
16,192.328,walkway,1,0,1,120,0.01358695652173913,192.328,
16,192.328,plaza,43,44,-1,250,0.9778325123152709,192.328,17.2
16,192.328,booth_a_front,0,0,0,25,0.0,162.232,
16,192.328,booth_b_front,6,14,-8,25,1.0,192.328,24.0
16,192.328,booth_c_front,0,0,0,25,0.0,182.296,
16,192.328,booth_d_front,4,1,3,25,0.175,192.328,
17,202.36,entrance,0,0,0,60,0.0,152.2,
17,202.36,walkway,0,0,0,120,0.0,192.328,
17,202.36,plaza,10,5,5,250,0.12992610837438423,202.36,
17,202.36,booth_a_front,0,0,0,25,0.0,162.232,
17,202.36,booth_b_front,11,9,2,25,1.0,202.36,44.0
17,202.36,booth_c_front,0,0,0,25,0.0,182.296,
17,202.36,booth_d_front,0,0,0,25,0.0,192.328,
18,212.392,entrance,1,0,1,60,0.12152777777777778,212.392,
18,212.392,walkway,0,0,0,120,0.0,192.328,
18,212.392,plaza,0,0,0,250,0.0,202.36,
18,212.392,booth_a_front,15,11,4,25,1.0,212.392,60.0
18,212.392,booth_b_front,0,0,0,25,0.0,202.36,
18,212.392,booth_c_front,0,0,0,25,0.0,182.296,
18,212.392,booth_d_front,0,0,0,25,0.0,192.328,
19,222.424,entrance,4,1,3,60,1.0,222.424,6.666666666666667
19,222.424,walkway,15,16,-1,120,0.9578804347826086,222.424,12.5
19,222.424,plaza,7,12,-5,250,0.17610837438423646,222.424,
19,222.424,booth_a_front,0,0,0,25,0.0,212.392,
19,222.424,booth_b_front,0,0,0,25,0.0,202.36,
19,222.424,booth_c_front,6,6,0,25,1.0,222.424,24.0
19,222.424,booth_d_front,5,6,-1,25,1.0,222.424,20.0
20,232.456,entrance,0,0,0,60,0.0,222.424,
20,232.456,walkway,0,0,0,120,0.0,222.424,
20,232.456,plaza,0,0,0,250,0.0,222.424,
20,232.456,booth_a_front,0,0,0,25,0.0,212.392,
20,232.456,booth_b_front,0,0,0,25,0.0,202.36,
20,232.456,booth_c_front,0,0,0,25,0.0,222.424,
20,232.456,booth_d_front,0,0,0,25,0.0,222.424,
21,242.488,entrance,6,5,1,60,0.8958333333333334,242.488,10.0
21,242.488,walkway,7,9,-2,120,1.0,242.488,5.833333333333333
21,242.488,plaza,25,24,1,250,0.6816502463054187,242.488,
21,242.488,booth_a_front,5,7,-2,25,1.0,242.488,20.0
21,242.488,booth_b_front,5,7,-2,25,1.0,242.488,20.0
21,242.488,booth_c_front,0,0,0,25,0.0,222.424,
21,242.488,booth_d_front,0,0,0,25,0.0,222.424,
22,252.52,entrance,0,0,0,60,0.0,242.488,
22,252.52,walkway,0,0,0,120,0.0,242.488,
22,252.52,plaza,0,0,0,250,0.0,242.488,
22,252.52,booth_a_front,3,1,2,25,0.2625,252.52,
22,252.52,booth_b_front,0,0,0,25,0.075,252.52,
22,252.52,booth_c_front,0,0,0,25,0.0,222.424,
22,252.52,booth_d_front,0,0,0,25,0.0,222.424,
23,262.616,entrance,0,0,0,60,0.020833333333333332,262.616,
23,262.616,walkway,9,13,-4,120,0.8668478260869565,262.616,7.5
23,262.616,plaza,36,35,1,250,0.9852216748768473,262.616,14.399999999999999
23,262.616,booth_a_front,0,0,0,25,0.0,252.52,
23,262.616,booth_b_front,0,0,0,25,0.0,252.52,
23,262.616,booth_c_front,4,7,-3,25,1.0,262.616,16.0
23,262.616,booth_d_front,4,8,-4,25,1.0,262.616,16.0
24,272.648,entrance,0,0,0,60,0.0,262.616,
24,272.648,walkway,0,0,0,120,0.0,262.616,
24,272.648,plaza,0,0,0,250,0.0,262.616,
24,272.648,booth_a_front,0,0,0,25,0.0,252.52,
24,272.648,booth_b_front,0,0,0,25,0.0,252.52,
24,272.648,booth_c_front,0,0,0,25,0.0,262.616,
24,272.648,booth_d_front,11,5,6,25,0.5,272.648,
25,282.68,entrance,0,0,0,60,0.0,262.616,
25,282.68,walkway,9,8,1,120,0.44157608695652173,282.68,
25,282.68,plaza,41,39,2,250,0.999384236453202,282.68,16.400000000000002
25,282.68,booth_a_front,5,9,-4,25,1.0,282.68,20.0
25,282.68,booth_b_front,8,11,-3,25,1.0,282.68,32.0
25,282.68,booth_c_front,0,0,0,25,0.0,262.616,
25,282.68,booth_d_front,0,0,0,25,0.0,272.648,
26,292.712,entrance,0,0,0,60,0.0,262.616,
26,292.712,walkway,0,0,0,120,0.0,282.68,
26,292.712,plaza,0,0,0,250,0.0,282.68,
26,292.712,booth_a_front,0,0,0,25,0.0,282.68,
26,292.712,booth_b_front,13,6,7,25,0.4625,292.712,
26,292.712,booth_c_front,0,0,0,25,0.0,262.616,
26,292.712,booth_d_front,0,0,0,25,0.0,272.648,
27,302.744,entrance,0,0,0,60,0.0,262.616,
27,302.744,walkway,0,0,0,120,0.0,282.68,
27,302.744,plaza,0,0,0,250,0.0,282.68,
27,302.744,booth_a_front,5,4,1,25,0.39375,302.744,
27,302.744,booth_b_front,0,0,0,25,0.0,292.712,
27,302.744,booth_c_front,0,0,0,25,0.0,262.616,
27,302.744,booth_d_front,0,0,0,25,0.0,272.648,
28,312.844,entrance,1,1,0,60,0.5416666666666666,312.844,
28,312.844,walkway,10,6,4,120,0.33967391304347827,312.844,
28,312.844,plaza,0,0,0,250,0.0006157635467980296,312.844,
28,312.844,booth_a_front,0,0,0,25,0.0,302.744,
28,312.844,booth_b_front,0,0,0,25,0.0,292.712,
28,312.844,booth_c_front,10,7,3,25,1.0,312.844,40.0
28,312.844,booth_d_front,6,3,3,25,1.0,312.844,24.0
29,323.6,entrance,0,0,0,60,0.0,312.844,
29,323.6,walkway,0,0,0,120,0.0,312.844,
29,323.6,plaza,1,7,-6,250,0.1416256157635468,323.6,
29,323.6,booth_a_front,0,0,0,25,0.0,302.744,
29,323.6,booth_b_front,0,0,0,25,0.0,292.712,
29,323.6,booth_c_front,0,0,0,25,0.0,312.844,
29,323.6,booth_d_front,7,6,1,25,1.0,323.6,28.000000000000004
30,333.896,entrance,0,0,0,60,0.0,312.844,
30,333.896,walkway,2,4,-2,120,0.26358695652173914,333.896,
30,333.896,plaza,7,7,0,250,0.1330049261083744,333.896,
30,333.896,booth_a_front,10,10,0,25,1.0,333.896,40.0
30,333.896,booth_b_front,8,7,1,25,1.0,333.896,32.0
30,333.896,booth_c_front,0,0,0,25,0.0,312.844,
30,333.896,booth_d_front,0,0,0,25,0.0,323.6,
