frame,sim_time,analysis_s,detector_s,raw_detections,nms_detections,people_count,projected_ground_truth_count,error
1,41.452,6.6522967599994445,6.640187066999715,9,5,2,0,2
2,54.056,6.4269736739997825,6.4203224130005765,24,17,1,14,-13
3,66.068,6.730369075999988,6.708250226000018,108,86,0,97,-97
4,78.08,6.683656350999627,6.671877402000064,10,6,0,0,0
5,90.092,6.811173030000646,6.799141077000058,83,67,0,63,-63
6,102.104,6.802084162000028,6.792536378000477,5,5,2,0,2
7,114.116,6.841375720000542,6.8298501700001,34,26,1,17,-16
8,126.128,7.192636723999385,7.180311291999715,27,18,1,15,-14
9,138.14,6.890746072000184,6.869928412000263,56,44,1,41,-40
10,150.152,6.977357376000327,6.966482324999561,66,51,0,43,-43
11,162.164,7.070695995000278,7.062203075999605,46,28,0,24,-24
12,174.176,7.249996417000148,7.230026799999905,133,91,0,95,-95
13,186.256,7.271684683000785,7.260781207000036,7,6,0,0,0
14,198.268,7.054186913000194,7.0432641590005005,78,63,0,57,-57
15,210.28,6.6225359139998545,6.609743950999473,41,33,0,27,-27
16,222.292,6.841198858000098,6.828632307999214,74,65,0,60,-60
17,234.304,7.154750648999652,7.143242783999995,11,8,0,0,0
18,246.316,6.9916077799998675,6.983652031999554,63,39,0,41,-41
19,258.328,8.112127344999863,8.080746559000545,119,96,0,97,-97
20,270.34,8.421577697999965,8.41142894099994,23,18,1,12,-11
21,282.352,8.860545153999738,8.841667056000006,113,84,0,89,-89
22,294.364,9.738199096000244,9.725958082999568,1,1,0,1,-1
23,306.376,11.826194362000024,11.80499744700046,111,78,0,76,-76
24,318.452,11.552873096999974,11.536439466000047,11,8,0,5,-5
25,330.464,11.151704915000664,11.11507685200013,94,68,0,73,-73
26,342.476,11.438093192999986,11.425304507999499,10,8,1,4,-3
27,354.488,10.860554717999548,10.850105683000038,57,43,0,39,-39
28,366.568,8.372057194999798,8.35830151600021,49,41,0,30,-30
29,378.58,6.7542778979996,6.738946262000354,17,13,0,5,-5
