sim_time,wall_time,total_people_in_view
47.26,1791378464.6891477,83
57.092,1791378474.85987,10
73.064,1791378495.793119,40
84.02,1791378502.7044792,10
90.356,1791378511.7816088,72
99.136,1791378518.6862833,3
106.196,1791378527.6666415,15
114.776,1791378534.6575296,2
121.904,1791378541.9997177,29
128.572,1791378549.026682,21
135.104,1791378556.2780602,1
142.168,1791378563.2472546,1
148.964,1791378570.1763184,1
155.3,1791378577.4101954,1
162.56,1791378584.5734599,1
169.096,1791378591.8130689,1
176.224,1791378599.1794581,1
183.02,1791378606.5456514,1
189.952,1791378613.7605855,1
197.212,1791378621.1102445,1
204.34,1791378629.1769402,1
211.864,1791378637.3722835,1
219.584,1791378646.3617194,1
228.628,1791378656.0099487,1
237.8,1791378666.1082213,2
247.04,1791378676.841444,1
257.732,1791378685.0675986,1
265.456,1791378692.1615837,1
272.452,1791378699.3387797,1
278.984,1791378706.5847547,1
286.048,1791378714.0351133,1
293.24,1791378721.527527,1
300.368,1791378728.8274932,1
307.3,1791378735.9519758,1
314.096,1791378743.2836719,1
321.092,1791378751.348833,1
328.552,1791378760.3870282,1
337.064,1791378769.7016566,1
346.304,1791378779.7200491,1
355.744,1791378790.084291,1
365.708,1791378801.1566925,1
376.072,1791378811.2162447,1
385.508,1791378821.5992126,1
395.344,1791378831.907439,1
405.244,1791378839.738882,1
412.832,1791378846.8580258,1
419.564,1791378854.2016037,1
426.496,1791378861.247631,1
433.096,1791378868.5311377,1
440.156,1791378875.7535946,1
445.768,1791378883.097212,2
453.752,1791378890.5320141,1
461.08,1791378900.1048162,1
470.12,1791378910.3922431,1
478.964,1791378920.5983093,1
489.724,1791378931.106049,1
499.492,1791378941.2113018,1
